Model,Avg. Jaccard Index (Stability)
LinearSVC,1.0
RandomForest,1.0
LogisticRegression,0.9368421052631579
SGDClassifier,0.8877192982456141
SVM,0.8824561403508773
MultinomialNB,0.8438596491228072
MLP,0.8438596491228071
GradientBoosting,0.6473684210526316
KNN,0.5285714285714287
