Model,Avg. Jaccard Index (Global over 300 samples)
LogisticRegression,0.8546602617655249
MultinomialNB,0.8573675856307436
LinearSVC,0.8537930242272349
SGDClassifier,0.848845029239766
SVM,0.8479937343358396
KNN,0.7506599832915622
RandomForest,0.8305035505430243
GradientBoosting,0.8028086883876359
MLP,0.8553723893065998
